{"initial_reset_timestamp": 1565890263.8445547, "timestamps": [1565890265.270683, 1565890266.6581175, 1565890266.7340076, 1565890266.7646892, 1565890266.7961817, 1565890266.8171906, 1565890266.8493447, 1565890266.8803813, 1565890268.2319984, 1565890268.3108146, 1565890268.344581, 1565890268.376047, 1565890268.4067805, 1565890268.4383714, 1565890268.469573, 1565890268.5013945, 1565890268.5331857, 1565890268.564939, 1565890268.596509, 1565890268.627709, 1565890268.6596117, 1565890268.690745, 1565890268.7222564, 1565890268.7535539, 1565890268.7848759, 1565890268.8174126, 1565890268.8520687, 1565890270.1965067, 1565890270.2696013, 1565890270.3006895, 1565890270.3308277, 1565890270.364001, 1565890270.3952153, 1565890270.4259386, 1565890270.457132, 1565890270.4882212, 1565890270.5187938, 1565890270.549717, 1565890270.5811036, 1565890270.6115577, 1565890270.6414094, 1565890270.6727684, 1565890270.703348, 1565890270.7340677, 1565890270.7644827, 1565890270.795016, 1565890270.8261218, 1565890270.8588912, 1565890270.8886256, 1565890270.9196312, 1565890270.9500844, 1565890270.9809465, 1565890271.0116549, 1565890271.0422115, 1565890271.0731447, 1565890271.1052518, 1565890271.136131, 1565890271.1664078, 1565890271.1976604, 1565890271.2285957, 1565890271.258827, 1565890271.2904434, 1565890271.3213007, 1565890271.3529372, 1565890272.711906, 1565890272.789488, 1565890272.824706, 1565890272.856381, 1565890272.888376, 1565890272.9188101, 1565890272.9530237, 1565890272.9837718, 1565890273.0147214, 1565890273.0500998, 1565890273.081429, 1565890273.113284, 1565890273.148062, 1565890273.1796255, 1565890273.2119868, 1565890273.2455451, 1565890273.2790854, 1565890273.3118913, 1565890273.3441086, 1565890273.37796, 1565890273.4112422, 1565890273.4439063, 1565890273.4744308, 1565890273.504807, 1565890273.5357487, 1565890273.5664349, 1565890273.5977945, 1565890273.6289678, 1565890273.6601198, 1565890273.690301, 1565890273.7216837, 1565890273.7529306, 1565890273.7843513, 1565890273.816519, 1565890273.8480308, 1565890273.8802438], "episode_lengths": [200, 200, 200, 200, 200, 134, 200, 200, 200, 200, 200, 200, 200, 200, 200, 200, 200, 200, 200, 200, 200, 200, 200, 200, 200, 200, 200, 200, 200, 200, 200, 200, 200, 200, 200, 200, 200, 200, 200, 200, 200, 200, 200, 200, 200, 200, 200, 200, 200, 200, 200, 200, 200, 200, 200, 200, 200, 200, 200, 200, 200, 200, 200, 200, 200, 200, 200, 200, 200, 200, 200, 200, 200, 200, 200, 200, 200, 200, 200, 200, 200, 200, 200, 200, 200, 200, 200, 200, 200, 200, 200, 200, 200, 200, 200, 200, 200, 200, 200, 200], "episode_rewards": [200.0, 200.0, 200.0, 200.0, 200.0, 134.0, 200.0, 200.0, 200.0, 200.0, 200.0, 200.0, 200.0, 200.0, 200.0, 200.0, 200.0, 200.0, 200.0, 200.0, 200.0, 200.0, 200.0, 200.0, 200.0, 200.0, 200.0, 200.0, 200.0, 200.0, 200.0, 200.0, 200.0, 200.0, 200.0, 200.0, 200.0, 200.0, 200.0, 200.0, 200.0, 200.0, 200.0, 200.0, 200.0, 200.0, 200.0, 200.0, 200.0, 200.0, 200.0, 200.0, 200.0, 200.0, 200.0, 200.0, 200.0, 200.0, 200.0, 200.0, 200.0, 200.0, 200.0, 200.0, 200.0, 200.0, 200.0, 200.0, 200.0, 200.0, 200.0, 200.0, 200.0, 200.0, 200.0, 200.0, 200.0, 200.0, 200.0, 200.0, 200.0, 200.0, 200.0, 200.0, 200.0, 200.0, 200.0, 200.0, 200.0, 200.0, 200.0, 200.0, 200.0, 200.0, 200.0, 200.0, 200.0, 200.0, 200.0, 200.0], "episode_types": ["t", "t", "t", "t", "t", "t", "t", "t", "t", "t", "t", "t", "t", "t", "t", "t", "t", "t", "t", "t", "t", "t", "t", "t", "t", "t", "t", "t", "t", "t", "t", "t", "t", "t", "t", "t", "t", "t", "t", "t", "t", "t", "t", "t", "t", "t", "t", "t", "t", "t", "t", "t", "t", "t", "t", "t", "t", "t", "t", "t", "t", "t", "t", "t", "t", "t", "t", "t", "t", "t", "t", "t", "t", "t", "t", "t", "t", "t", "t", "t", "t", "t", "t", "t", "t", "t", "t", "t", "t", "t", "t", "t", "t", "t", "t", "t", "t", "t", "t", "t"]}