{"initial_reset_timestamp": 1568418290.1240628, "timestamps": [1568418296.1153414, 1568418299.5112314, 1568418302.897175, 1568418305.5514147, 1568418308.1529813, 1568418312.090697, 1568418315.029126, 1568418317.3459547, 1568418323.7438867, 1568418326.5456693, 1568418330.6131496, 1568418334.0529065, 1568418337.2205179, 1568418340.150126, 1568418344.1687744, 1568418347.5432894, 1568418351.0912309, 1568418354.545989, 1568418358.643577, 1568418361.3719993], "episode_lengths": [1574, 860, 1219, 994, 948, 1498, 1142, 904, 1605, 1074, 1569, 1355, 1196, 1108, 1522, 1218, 1398, 1333, 1518, 1046], "episode_rewards": [52.0, 12.0, 30.0, 14.0, 24.0, 50.0, 22.0, 18.0, 60.0, 22.0, 50.0, 34.0, 32.0, 22.0, 52.0, 26.0, 46.0, 48.0, 50.0, 20.0], "episode_types": ["t", "t", "t", "t", "t", "t", "t", "t", "t", "t", "t", "t", "t", "t", "t", "t", "t", "t", "t", "t"]}