{"initial_reset_timestamp": 1565892958.233174, "timestamps": [1565892958.9991133, 1565892959.9436023, 1565892960.0026927, 1565892960.0343585, 1565892960.0611877, 1565892960.0811548, 1565892960.1070905, 1565892960.1274421, 1565892960.8223388, 1565892960.8845522, 1565892960.9061167, 1565892960.9278157, 1565892960.954315, 1565892960.9757204, 1565892960.9962754, 1565892961.0173237, 1565892961.0455241, 1565892961.0718777, 1565892961.0926354, 1565892961.1127112, 1565892961.1334956, 1565892961.1590855, 1565892961.1792758, 1565892961.2058022, 1565892961.225704, 1565892961.252848, 1565892961.272942, 1565892962.1753514, 1565892962.2435536, 1565892962.2637146, 1565892962.2834015, 1565892962.3028877, 1565892962.324399, 1565892962.3458881, 1565892962.3731031, 1565892962.3925025, 1565892962.413114, 1565892962.434492, 1565892962.4542432, 1565892962.474876, 1565892962.494345, 1565892962.51405, 1565892962.5358605, 1565892962.5614753, 1565892962.5816593, 1565892962.6065533, 1565892962.627206, 1565892962.654505, 1565892962.6832666, 1565892962.7026315, 1565892962.7304542, 1565892962.7577915, 1565892962.783668, 1565892962.8092775, 1565892962.829458, 1565892962.8506432, 1565892962.877247, 1565892962.89829, 1565892962.9186585, 1565892962.9404428, 1565892962.960546, 1565892962.9808521, 1565892963.0067382, 1565892963.0260186, 1565892963.7195487, 1565892963.7885642, 1565892963.81414, 1565892963.834122, 1565892963.862355, 1565892963.8892164, 1565892963.9100175, 1565892963.938435, 1565892963.9577274, 1565892963.9777656, 1565892963.9995513, 1565892964.0351489, 1565892964.061499, 1565892964.0877833, 1565892964.1076567, 1565892964.1281447, 1565892964.148897, 1565892964.168664, 1565892964.1950567, 1565892964.2153664, 1565892964.242127, 1565892964.2620454, 1565892964.294765, 1565892964.314645, 1565892964.3431604, 1565892964.363211, 1565892964.3826623, 1565892964.4104624, 1565892964.4441466, 1565892964.4662247, 1565892964.4934485, 1565892964.5152705, 1565892964.536737, 1565892964.5571828, 1565892964.5925732, 1565892964.6123877], "episode_lengths": [109, 141, 111, 147, 148, 112, 146, 111, 110, 108, 112, 111, 143, 116, 111, 112, 149, 143, 113, 109, 109, 139, 111, 143, 108, 145, 110, 143, 148, 108, 108, 109, 116, 112, 152, 109, 115, 108, 110, 113, 108, 109, 110, 144, 110, 138, 111, 145, 161, 108, 143, 150, 144, 141, 110, 112, 148, 112, 109, 115, 110, 111, 143, 107, 112, 143, 141, 109, 140, 144, 111, 142, 106, 111, 115, 187, 145, 146, 110, 114, 110, 110, 148, 113, 145, 110, 181, 111, 154, 111, 108, 155, 182, 117, 148, 115, 113, 112, 194, 107], "episode_rewards": [-109.0, -141.0, -111.0, -147.0, -148.0, -112.0, -146.0, -111.0, -110.0, -108.0, -112.0, -111.0, -143.0, -116.0, -111.0, -112.0, -149.0, -143.0, -113.0, -109.0, -109.0, -139.0, -111.0, -143.0, -108.0, -145.0, -110.0, -143.0, -148.0, -108.0, -108.0, -109.0, -116.0, -112.0, -152.0, -109.0, -115.0, -108.0, -110.0, -113.0, -108.0, -109.0, -110.0, -144.0, -110.0, -138.0, -111.0, -145.0, -161.0, -108.0, -143.0, -150.0, -144.0, -141.0, -110.0, -112.0, -148.0, -112.0, -109.0, -115.0, -110.0, -111.0, -143.0, -107.0, -112.0, -143.0, -141.0, -109.0, -140.0, -144.0, -111.0, -142.0, -106.0, -111.0, -115.0, -187.0, -145.0, -146.0, -110.0, -114.0, -110.0, -110.0, -148.0, -113.0, -145.0, -110.0, -181.0, -111.0, -154.0, -111.0, -108.0, -155.0, -182.0, -117.0, -148.0, -115.0, -113.0, -112.0, -194.0, -107.0], "episode_types": ["t", "t", "t", "t", "t", "t", "t", "t", "t", "t", "t", "t", "t", "t", "t", "t", "t", "t", "t", "t", "t", "t", "t", "t", "t", "t", "t", "t", "t", "t", "t", "t", "t", "t", "t", "t", "t", "t", "t", "t", "t", "t", "t", "t", "t", "t", "t", "t", "t", "t", "t", "t", "t", "t", "t", "t", "t", "t", "t", "t", "t", "t", "t", "t", "t", "t", "t", "t", "t", "t", "t", "t", "t", "t", "t", "t", "t", "t", "t", "t", "t", "t", "t", "t", "t", "t", "t", "t", "t", "t", "t", "t", "t", "t", "t", "t", "t", "t", "t", "t"]}