{"initial_reset_timestamp": 1568003294.9439313, "timestamps": [1568003297.0044262, 1568003299.048936, 1568003300.4319007, 1568003301.83297, 1568003303.227574, 1568003304.6351545, 1568003306.0317583, 1568003307.4476566, 1568003309.5163941, 1568003310.9338443, 1568003312.3167822, 1568003313.715553, 1568003315.1280773, 1568003316.5200064, 1568003317.9367132, 1568003319.3728132, 1568003320.7810633, 1568003322.1933866, 1568003323.581538, 1568003324.9977114, 1568003326.3998785, 1568003327.8054464, 1568003329.2036667, 1568003330.6122952, 1568003332.013805, 1568003333.4391701, 1568003334.8459916, 1568003336.8928914, 1568003338.310752, 1568003339.7402918, 1568003341.1284757, 1568003342.549211, 1568003343.956373, 1568003345.3319929, 1568003346.7276297, 1568003348.1362648, 1568003349.5312092, 1568003350.9413147, 1568003352.3290844, 1568003353.7243443, 1568003355.1302252, 1568003356.5510697, 1568003357.9710228, 1568003359.3974469, 1568003360.8025305, 1568003362.2185557, 1568003363.5861928, 1568003364.9977326, 1568003366.4216342, 1568003367.824521, 1568003369.1902082, 1568003370.5892622, 1568003371.9871109, 1568003373.4056234, 1568003374.79589, 1568003376.1995625, 1568003377.5964584, 1568003379.018, 1568003380.4493454, 1568003381.8495336, 1568003383.25742, 1568003384.6726675, 1568003386.074462, 1568003387.458173, 1568003389.4981627, 1568003390.9454103, 1568003392.3621159, 1568003393.7526743, 1568003395.1237872, 1568003396.5401094, 1568003397.9185996, 1568003399.3573828, 1568003400.7695105, 1568003402.1706407, 1568003403.5852423, 1568003404.9722347, 1568003406.3688223, 1568003407.7917242, 1568003409.1884391, 1568003410.6092732, 1568003412.0170643, 1568003413.424069, 1568003414.8164663, 1568003416.1984558, 1568003417.6133657, 1568003419.029034, 1568003420.4102488, 1568003421.8264062, 1568003423.232546, 1568003424.6372283, 1568003425.9925628, 1568003427.4054005, 1568003428.7908854, 1568003430.1775694, 1568003431.6171787, 1568003433.0445666, 1568003434.4191597, 1568003435.8452013, 1568003437.2375154, 1568003438.644438], "episode_lengths": [866, 866, 866, 866, 866, 866, 866, 866, 866, 866, 866, 866, 866, 866, 866, 866, 866, 866, 866, 866, 866, 866, 866, 866, 866, 866, 866, 866, 866, 866, 866, 866, 866, 866, 866, 866, 866, 866, 866, 866, 866, 866, 866, 866, 866, 866, 866, 866, 866, 866, 866, 866, 866, 866, 866, 866, 866, 866, 866, 866, 866, 866, 866, 866, 866, 866, 866, 866, 866, 866, 866, 866, 866, 866, 866, 866, 866, 866, 866, 866, 866, 866, 866, 866, 866, 866, 866, 866, 866, 866, 866, 866, 866, 866, 866, 866, 866, 866, 866, 866], "episode_rewards": [34.0, 34.0, 34.0, 34.0, 34.0, 34.0, 34.0, 34.0, 34.0, 34.0, 34.0, 34.0, 34.0, 34.0, 34.0, 34.0, 34.0, 34.0, 34.0, 34.0, 34.0, 34.0, 34.0, 34.0, 34.0, 34.0, 34.0, 34.0, 34.0, 34.0, 34.0, 34.0, 34.0, 34.0, 34.0, 34.0, 34.0, 34.0, 34.0, 34.0, 34.0, 34.0, 34.0, 34.0, 34.0, 34.0, 34.0, 34.0, 34.0, 34.0, 34.0, 34.0, 34.0, 34.0, 34.0, 34.0, 34.0, 34.0, 34.0, 34.0, 34.0, 34.0, 34.0, 34.0, 34.0, 34.0, 34.0, 34.0, 34.0, 34.0, 34.0, 34.0, 34.0, 34.0, 34.0, 34.0, 34.0, 34.0, 34.0, 34.0, 34.0, 34.0, 34.0, 34.0, 34.0, 34.0, 34.0, 34.0, 34.0, 34.0, 34.0, 34.0, 34.0, 34.0, 34.0, 34.0, 34.0, 34.0, 34.0, 34.0], "episode_types": ["t", "t", "t", "t", "t", "t", "t", "t", "t", "t", "t", "t", "t", "t", "t", "t", "t", "t", "t", "t", "t", "t", "t", "t", "t", "t", "t", "t", "t", "t", "t", "t", "t", "t", "t", "t", "t", "t", "t", "t", "t", "t", "t", "t", "t", "t", "t", "t", "t", "t", "t", "t", "t", "t", "t", "t", "t", "t", "t", "t", "t", "t", "t", "t", "t", "t", "t", "t", "t", "t", "t", "t", "t", "t", "t", "t", "t", "t", "t", "t", "t", "t", "t", "t", "t", "t", "t", "t", "t", "t", "t", "t", "t", "t", "t", "t", "t", "t", "t", "t"]}