{"initial_reset_timestamp": 1568301113.1791558, "timestamps": [1568301114.6317742, 1568301115.9900537, 1568301116.0753512, 1568301116.1266844, 1568301116.176473, 1568301116.235563, 1568301116.2890522, 1568301116.3435245, 1568301117.675997, 1568301117.7652562, 1568301117.8227646, 1568301117.8362784, 1568301117.8876176, 1568301117.9428985, 1568301118.0003884, 1568301118.0541348, 1568301118.1101475, 1568301118.1638205, 1568301118.2184877, 1568301118.2745364, 1568301118.3281949, 1568301118.3848283, 1568301118.4456515, 1568301118.514215, 1568301118.570342, 1568301118.624353, 1568301118.6759198, 1568301120.0429494, 1568301120.155934, 1568301120.210845, 1568301120.2660053, 1568301120.3181717, 1568301120.3730698, 1568301120.424478, 1568301120.4863753, 1568301120.5440774, 1568301120.5987122, 1568301120.655007, 1568301120.707903, 1568301120.7635896, 1568301120.8032277, 1568301120.8557887, 1568301120.9088576, 1568301120.9629197, 1568301121.021555, 1568301121.0747752, 1568301121.1309445, 1568301121.1878676, 1568301121.2444708, 1568301121.3020256, 1568301121.3599296, 1568301121.4134667, 1568301121.4701593, 1568301121.5235977, 1568301121.577355, 1568301121.6307666, 1568301121.6878574, 1568301121.7431, 1568301121.7976296, 1568301121.8488126, 1568301121.904784, 1568301121.9594238, 1568301122.013176, 1568301122.0692239, 1568301123.3936455, 1568301123.485597, 1568301123.5397317, 1568301123.5933044, 1568301123.6521788, 1568301123.711099, 1568301123.7658625, 1568301123.8235538, 1568301123.87923, 1568301123.934687, 1568301123.9778473, 1568301124.0353277, 1568301124.087785, 1568301124.1403039, 1568301124.1933982, 1568301124.2504368, 1568301124.300937, 1568301124.3614204, 1568301124.4124599, 1568301124.4687738, 1568301124.526121, 1568301124.5778873, 1568301124.6311016, 1568301124.6863396, 1568301124.7420592, 1568301124.7973323, 1568301124.8511016, 1568301124.9068737, 1568301124.9682236, 1568301125.0258052, 1568301125.0787344, 1568301125.136487, 1568301125.1898057, 1568301125.2412808, 1568301125.291069, 1568301125.346471], "episode_lengths": [200, 200, 180, 200, 200, 200, 200, 200, 200, 200, 200, 44, 200, 200, 200, 200, 200, 200, 200, 200, 200, 200, 200, 200, 200, 200, 200, 200, 200, 200, 200, 200, 200, 200, 200, 200, 200, 200, 200, 200, 140, 200, 200, 200, 200, 200, 200, 200, 200, 200, 200, 200, 200, 200, 200, 200, 200, 200, 200, 200, 200, 200, 200, 200, 200, 200, 200, 200, 200, 200, 200, 200, 200, 200, 152, 200, 200, 200, 200, 200, 200, 200, 177, 200, 200, 200, 200, 200, 200, 200, 200, 200, 200, 200, 200, 200, 200, 200, 200, 200], "episode_rewards": [200.0, 200.0, 180.0, 200.0, 200.0, 200.0, 200.0, 200.0, 200.0, 200.0, 200.0, 44.0, 200.0, 200.0, 200.0, 200.0, 200.0, 200.0, 200.0, 200.0, 200.0, 200.0, 200.0, 200.0, 200.0, 200.0, 200.0, 200.0, 200.0, 200.0, 200.0, 200.0, 200.0, 200.0, 200.0, 200.0, 200.0, 200.0, 200.0, 200.0, 140.0, 200.0, 200.0, 200.0, 200.0, 200.0, 200.0, 200.0, 200.0, 200.0, 200.0, 200.0, 200.0, 200.0, 200.0, 200.0, 200.0, 200.0, 200.0, 200.0, 200.0, 200.0, 200.0, 200.0, 200.0, 200.0, 200.0, 200.0, 200.0, 200.0, 200.0, 200.0, 200.0, 200.0, 152.0, 200.0, 200.0, 200.0, 200.0, 200.0, 200.0, 200.0, 177.0, 200.0, 200.0, 200.0, 200.0, 200.0, 200.0, 200.0, 200.0, 200.0, 200.0, 200.0, 200.0, 200.0, 200.0, 200.0, 200.0, 200.0], "episode_types": ["t", "t", "t", "t", "t", "t", "t", "t", "t", "t", "t", "t", "t", "t", "t", "t", "t", "t", "t", "t", "t", "t", "t", "t", "t", "t", "t", "t", "t", "t", "t", "t", "t", "t", "t", "t", "t", "t", "t", "t", "t", "t", "t", "t", "t", "t", "t", "t", "t", "t", "t", "t", "t", "t", "t", "t", "t", "t", "t", "t", "t", "t", "t", "t", "t", "t", "t", "t", "t", "t", "t", "t", "t", "t", "t", "t", "t", "t", "t", "t", "t", "t", "t", "t", "t", "t", "t", "t", "t", "t", "t", "t", "t", "t", "t", "t", "t", "t", "t", "t"]}